datetime,visibility,coord.lon,coord.lat,main.temp,main.feels_like,main.temp_min,main.temp_max,main.pressure,main.humidity,main.sea_level,main.grnd_level,wind.speed,wind.deg,wind.gust,clouds.all,sys.sunrise,sys.sunset,weather.id,weather.main,weather.description,weather.icon,extraction_date_time,city_name,sys.type,sys.id,rain.1h,date,time,hour
2023-11-07 06:01:48+08:00,10000.0,123.6402,10.1061,26.98,29.79,26.98,26.98,1011.0,81.0,1011.0,1010.0,2.16,14.0,2.61,84.0,2023-11-07 05:37:21+08:00,2023-11-07 17:20:49+08:00,501.0,Rain,moderate rain,10d,2023-11-07 06:01:48.235324+08:00,Carcar,1.0,8187.0,1.4,2023-11-07,06:01:48,6
2023-11-07 06:04:55+08:00,10000.0,123.1583,9.5153,27.01,29.76,27.01,27.01,1011.0,80.0,1011.0,1010.0,1.22,28.0,1.74,67.0,2023-11-07 05:38:35+08:00,2023-11-07 17:23:26+08:00,500.0,Rain,light rain,10d,2023-11-07 06:04:55.170576+08:00,Tanjay,1.0,8185.0,0.15,2023-11-07,06:04:55,6
2023-11-07 12:01:26+08:00,10000.0,123.6402,10.1061,29.98,35.48,29.98,29.98,1010.0,72.0,1010.0,1009.0,4.41,18.0,4.7,100.0,2023-11-07 05:37:21+08:00,2023-11-07 17:20:49+08:00,501.0,Rain,moderate rain,10d,2023-11-07 12:01:26.899641+08:00,Carcar,1.0,8187.0,3.92,2023-11-07,12:01:26,12
2023-11-07 12:01:39+08:00,10000.0,122.65,11.15,27.57,30.08,27.57,27.57,1010.0,72.0,1010.0,1004.0,4.5,29.0,5.92,94.0,2023-11-07 05:42:33+08:00,2023-11-07 17:23:32+08:00,501.0,Rain,moderate rain,10d,2023-11-07 12:01:39.874755+08:00,City of Passi,2.0,2073369.0,2.51,2023-11-07,12:01:39,12
2023-11-07 12:04:47+08:00,10000.0,123.6333,10.3833,30.05,35.16,30.0,30.05,1010.0,70.0,1010.0,1010.0,3.29,23.0,4.19,100.0,2023-11-07 05:37:42+08:00,2023-11-07 17:20:31+08:00,500.0,Rain,light rain,10d,2023-11-07 12:04:47.845389+08:00,Toledo City,1.0,8187.0,0.86,2023-11-07,12:04:47,12
2023-11-08 00:00:14+08:00,10000.0,125.6842,7.3081,27.06,31.02,27.06,27.06,1009.0,91.0,1009.0,1009.0,1.97,338.0,2.52,87.0,2023-11-08 05:26:07+08:00,2023-11-08 17:15:49+08:00,500.0,Rain,light rain,10n,2023-11-08 00:03:57.345545+08:00,Panabo,1.0,8154.0,0.12,2023-11-08,00:00:14,0
2023-11-08 00:01:31+08:00,10000.0,121.1653,14.2117,27.59,32.19,27.21,27.97,1011.0,88.0,1011.0,1010.0,4.31,86.0,9.4,100.0,2023-11-08 05:52:33+08:00,2023-11-08 17:25:33+08:00,500.0,Rain,light rain,10n,2023-11-08 00:01:31.088001+08:00,Calamba,2.0,2084056.0,0.12,2023-11-08,00:01:31,0
2023-11-08 00:05:00+08:00,10000.0,121.5911,14.0289,24.94,25.92,24.94,24.94,1012.0,93.0,1012.0,989.0,3.16,35.0,7.56,100.0,2023-11-08 05:50:37+08:00,2023-11-08 17:24:05+08:00,501.0,Rain,moderate rain,10n,2023-11-08 00:05:00.840286+08:00,Tayabas,2.0,2011004.0,3.16,2023-11-08,00:05:00,0
2023-11-08 06:00:42+08:00,10000.0,123.1228,9.5911,26.99,31.02,26.99,26.99,1010.0,93.0,1010.0,1009.0,1.98,63.0,2.31,98.0,2023-11-08 05:39:05+08:00,2023-11-08 17:23:21+08:00,500.0,Rain,light rain,10d,2023-11-08 06:00:42.886839+08:00,Bais,1.0,8185.0,0.5,2023-11-08,06:00:42,6
2023-11-08 06:01:42+08:00,10000.0,123.6402,10.1061,26.98,30.17,26.98,26.98,1009.0,85.0,1009.0,1008.0,4.51,49.0,6.22,100.0,2023-11-08 05:37:38+08:00,2023-11-08 17:20:39+08:00,501.0,Rain,moderate rain,10d,2023-11-08 06:01:42.216519+08:00,Carcar,1.0,8187.0,1.97,2023-11-08,06:01:42,6
2023-11-08 06:02:06+08:00,9685.0,124.0272,10.5208,26.09,26.09,26.09,27.03,1010.0,95.0,1010.0,1010.0,1.79,312.0,2.68,100.0,2023-11-08 05:36:35+08:00,2023-11-08 17:18:37+08:00,500.0,Rain,light rain,10d,2023-11-08 06:02:06.365116+08:00,Danao,2.0,2089763.0,0.88,2023-11-08,06:02:06,6
2023-11-08 06:05:06+08:00,10000.0,123.1583,9.5153,27.01,31.09,27.01,27.01,1010.0,93.0,1010.0,1009.0,1.98,63.0,2.31,98.0,2023-11-08 05:38:51+08:00,2023-11-08 17:23:18+08:00,500.0,Rain,light rain,10d,2023-11-08 06:05:06.544113+08:00,Tanjay,1.0,8185.0,0.5,2023-11-08,06:05:06,6
2023-11-08 06:05:13+08:00,10000.0,123.6333,10.3833,27.05,30.56,26.11,27.05,1010.0,87.0,1010.0,1010.0,2.7,39.0,4.71,100.0,2023-11-08 05:38:00+08:00,2023-11-08 17:20:21+08:00,501.0,Rain,moderate rain,10d,2023-11-08 06:05:13.152119+08:00,Toledo City,1.0,8187.0,1.2,2023-11-08,06:05:13,6
2023-11-08 12:00:38+08:00,10000.0,120.5361,14.6761,28.03,30.21,28.03,29.51,1011.0,66.0,1011.0,1010.0,5.88,77.0,8.7,84.0,2023-11-08 05:55:38+08:00,2023-11-08 17:27:30+08:00,500.0,Rain,light rain,10d,2023-11-08 12:00:38.964497+08:00,Balanga,1.0,8151.0,0.21,2023-11-08,12:00:38,12
2023-11-08 12:01:40+08:00,10000.0,122.65,11.15,24.79,25.6,24.79,24.79,1011.0,87.0,1011.0,1005.0,2.47,59.0,4.19,100.0,2023-11-08 05:42:52+08:00,2023-11-08 17:23:22+08:00,501.0,Rain,moderate rain,10d,2023-11-08 12:01:40.668707+08:00,City of Passi,2.0,2073369.0,3.62,2023-11-08,12:01:40,12
2023-11-08 12:01:48+08:00,10000.0,124.0272,10.5208,27.76,33.0,27.76,30.03,1010.0,90.0,1010.0,1010.0,2.24,16.0,3.13,100.0,2023-11-08 05:36:35+08:00,2023-11-08 17:18:37+08:00,501.0,Rain,moderate rain,10d,2023-11-08 12:01:48.220660+08:00,Danao,2.0,2089763.0,2.51,2023-11-08,12:01:48,12
2023-11-08 12:03:35+08:00,10000.0,125.6842,7.3081,30.06,36.73,30.06,30.06,1008.0,76.0,1008.0,1008.0,2.31,31.0,2.77,100.0,2023-11-08 05:26:07+08:00,2023-11-08 17:15:49+08:00,500.0,Rain,light rain,10d,2023-11-08 12:03:36.159594+08:00,Panabo,1.0,8154.0,0.16,2023-11-08,12:03:35,12
2023-11-08 18:01:41+08:00,10000.0,122.65,11.15,24.23,25.06,24.23,24.23,1009.0,90.0,1009.0,1003.0,2.11,348.0,3.04,100.0,2023-11-08 05:42:52+08:00,2023-11-08 17:23:22+08:00,500.0,Rain,light rain,10n,2023-11-08 18:01:41.980506+08:00,City of Passi,2.0,2073369.0,0.27,2023-11-08,18:01:41,18
2023-11-11 18:00:40+08:00,10000.0,121.05,13.75,26.17,26.17,26.17,26.17,1011.0,82.0,1011.0,1010.0,3.3,84.0,5.01,77.0,2023-11-11 05:53:38+08:00,2023-11-11 17:25:58+08:00,500.0,Rain,light rain,10n,2023-11-11 18:00:40.852925+08:00,Batangas City,2.0,2011004.0,0.14,2023-11-11,18:00:40,18
2023-11-11 18:01:09+08:00,10000.0,121.1653,14.2117,28.72,34.17,28.32,29.97,1012.0,81.0,1012.0,1010.0,3.88,76.0,7.57,96.0,2023-11-11 05:53:46+08:00,2023-11-11 17:24:54+08:00,500.0,Rain,light rain,10n,2023-11-11 18:01:09.948332+08:00,Calamba,2.0,2084056.0,0.12,2023-11-11,18:01:09,18
2023-11-12 00:01:36+08:00,10000.0,121.1262,14.2726,27.12,31.78,26.06,28.36,1013.0,96.0,1013.0,1012.0,4.42,73.0,8.78,100.0,2023-11-12 05:54:26+08:00,2023-11-12 17:24:48+08:00,500.0,Rain,light rain,10n,2023-11-12 00:01:36.985968+08:00,Cabuyao,2.0,2084056.0,0.17,2023-11-12,00:01:36,0
2023-11-13 12:01:23+08:00,10000.0,121.1262,14.2726,30.22,35.33,29.95,30.59,1013.0,69.0,1013.0,1011.0,6.63,66.0,9.86,95.0,2023-11-13 05:54:52+08:00,2023-11-13 17:24:38+08:00,500.0,Rain,light rain,10d,2023-11-13 12:01:24.460458+08:00,Cabuyao,2.0,2084056.0,0.66,2023-11-13,12:01:23,12
2023-11-13 12:01:33+08:00,10000.0,121.1653,14.2117,30.16,34.94,29.95,32.25,1013.0,68.0,1013.0,1011.0,6.31,63.0,9.63,91.0,2023-11-13 05:54:38+08:00,2023-11-13 17:24:34+08:00,501.0,Rain,moderate rain,10d,2023-11-13 12:01:33.388795+08:00,Calamba,2.0,2084056.0,2.64,2023-11-13,12:01:33,12
2023-11-13 18:01:56+08:00,10000.0,120.9367,14.3294,27.05,29.85,26.25,27.84,1013.0,80.0,1013.0,1003.0,5.28,76.0,9.62,100.0,2023-11-13 05:55:42+08:00,2023-11-13 17:25:19+08:00,500.0,Rain,light rain,10n,2023-11-13 18:01:56.964100+08:00,Dasmariñas,2.0,2084056.0,0.21,2023-11-13,18:01:56,18
2023-11-13 18:02:52+08:00,10000.0,121.1667,13.95,23.59,24.28,23.59,23.59,1013.0,87.0,1013.0,977.0,3.18,49.0,8.21,100.0,2023-11-13 05:54:16+08:00,2023-11-13 17:24:55+08:00,500.0,Rain,light rain,10n,2023-11-13 18:02:52.752566+08:00,Lipa City,2.0,2011004.0,0.65,2023-11-13,18:02:52,18
2023-11-13 18:04:39+08:00,10000.0,121.1498,14.0863,27.36,31.03,25.8,27.43,1013.0,84.0,1013.0,996.0,4.13,60.0,9.82,100.0,2023-11-13 05:54:31+08:00,2023-11-13 17:24:48+08:00,500.0,Rain,light rain,10n,2023-11-13 18:04:39.649198+08:00,Tanauan,2.0,2084056.0,0.24,2023-11-13,18:04:39,18
2023-11-14 00:00:53+08:00,10000.0,121.05,13.75,25.62,26.48,25.62,25.62,1014.0,86.0,1014.0,1013.0,2.51,62.0,4.3,100.0,2023-11-14 05:54:54+08:00,2023-11-14 17:25:31+08:00,500.0,Rain,light rain,10n,2023-11-14 00:00:53.893273+08:00,Batangas City,2.0,2011004.0,0.57,2023-11-14,00:00:53,0
2023-11-14 00:01:17+08:00,10000.0,121.1262,14.2726,27.23,31.64,26.62,28.36,1014.0,92.0,1014.0,1012.0,2.81,50.0,5.5,73.0,2023-11-14 05:55:19+08:00,2023-11-14 17:24:30+08:00,501.0,Rain,moderate rain,10n,2023-11-14 00:01:17.872558+08:00,Cabuyao,2.0,2084056.0,2.27,2023-11-14,00:01:17,0
2023-11-14 00:01:25+08:00,10000.0,121.1653,14.2117,26.93,29.5,26.62,27.97,1014.0,79.0,1014.0,1013.0,5.38,71.0,10.0,99.0,2023-11-14 05:55:05+08:00,2023-11-14 17:24:25+08:00,501.0,Rain,moderate rain,10n,2023-11-14 00:01:25.745468+08:00,Calamba,2.0,2084056.0,3.16,2023-11-14,00:01:25,0
2023-11-14 00:02:08+08:00,10000.0,120.9367,14.3294,26.83,30.16,26.18,27.93,1014.0,89.0,1014.0,1005.0,4.85,65.0,9.02,90.0,2023-11-14 05:56:09+08:00,2023-11-14 17:25:10+08:00,500.0,Rain,light rain,10n,2023-11-14 00:02:08.527356+08:00,Dasmariñas,2.0,2084056.0,0.32,2023-11-14,00:02:08,0
2023-11-14 00:02:27+08:00,10000.0,120.8817,14.3869,27.3,31.23,26.59,28.34,1014.0,87.0,1014.0,1012.0,5.09,59.0,8.73,86.0,2023-11-14 05:56:27+08:00,2023-11-14 17:25:19+08:00,500.0,Rain,light rain,10n,2023-11-14 00:02:27.755699+08:00,General Trias,2.0,2084056.0,0.17,2023-11-14,00:02:27,0
2023-11-14 00:03:00+08:00,10000.0,121.1667,13.95,23.59,24.3,23.59,23.59,1014.0,88.0,1014.0,977.0,2.72,43.0,7.82,100.0,2023-11-14 05:54:43+08:00,2023-11-14 17:24:47+08:00,501.0,Rain,moderate rain,10n,2023-11-14 00:03:00.303153+08:00,Lipa City,2.0,2011004.0,2.99,2023-11-14,00:03:00,0
2023-11-14 00:04:50+08:00,10000.0,121.1498,14.0863,26.03,26.03,25.74,26.88,1014.0,84.0,1014.0,997.0,3.83,57.0,9.67,100.0,2023-11-14 05:54:58+08:00,2023-11-14 17:24:39+08:00,500.0,Rain,light rain,10n,2023-11-14 00:04:50.368171+08:00,Tanauan,2.0,2084056.0,0.75,2023-11-14,00:04:50,0
2023-11-14 00:04:59+08:00,10000.0,121.5911,14.0289,24.39,25.29,24.39,24.39,1014.0,92.0,1014.0,992.0,4.11,32.0,9.52,100.0,2023-11-14 05:53:07+08:00,2023-11-14 17:22:58+08:00,501.0,Rain,moderate rain,10n,2023-11-14 00:04:59.852056+08:00,Tayabas,2.0,2011004.0,3.16,2023-11-14,00:04:59,0
2023-11-14 06:00:32+08:00,10000.0,120.5361,14.6761,28.03,32.17,26.74,28.03,1015.0,80.0,1015.0,1014.0,6.13,64.0,12.41,89.0,2023-11-14 05:58:14+08:00,2023-11-14 17:26:18+08:00,500.0,Rain,light rain,10d,2023-11-14 06:00:33.055540+08:00,Balanga,1.0,8151.0,0.38,2023-11-14,06:00:32,6
2023-11-14 06:00:58+08:00,10000.0,121.1262,14.2726,26.09,26.09,25.96,26.7,1014.0,73.0,1014.0,1012.0,3.29,72.0,5.81,100.0,2023-11-14 05:55:19+08:00,2023-11-14 17:24:30+08:00,500.0,Rain,light rain,10d,2023-11-14 06:00:58.796977+08:00,Cabuyao,2.0,2037715.0,0.19,2023-11-14,06:00:58,6
2023-11-14 06:01:07+08:00,10000.0,121.1653,14.2117,27.28,31.06,25.97,27.73,1015.0,86.0,1015.0,1013.0,4.98,73.0,9.62,100.0,2023-11-14 05:55:05+08:00,2023-11-14 17:24:25+08:00,500.0,Rain,light rain,10d,2023-11-14 06:01:07.453337+08:00,Calamba,2.0,2084056.0,0.12,2023-11-14,06:01:07,6
2023-11-14 06:01:47+08:00,10000.0,120.9367,14.3294,26.1,26.1,25.14,27.29,1014.0,88.0,1014.0,1005.0,4.64,78.0,8.9,100.0,2023-11-14 05:56:09+08:00,2023-11-14 17:25:10+08:00,500.0,Rain,light rain,10d,2023-11-14 06:01:47.071267+08:00,Dasmariñas,2.0,2084056.0,0.14,2023-11-14,06:01:47,6
2023-11-14 06:03:34+08:00,10000.0,120.5431,14.7678,28.03,32.02,26.75,28.05,1015.0,79.0,1015.0,1014.0,6.08,62.0,11.82,90.0,2023-11-14 05:58:20+08:00,2023-11-14 17:26:09+08:00,500.0,Rain,light rain,10d,2023-11-14 06:03:34.236475+08:00,Samal,1.0,8151.0,0.18,2023-11-14,06:03:34,6
2023-11-14 18:05:08+08:00,10000.0,121.5911,14.0289,24.94,25.89,24.94,24.94,1014.0,92.0,1014.0,991.0,4.4,45.0,10.43,100.0,2023-11-14 05:53:07+08:00,2023-11-14 17:22:58+08:00,500.0,Rain,light rain,10n,2023-11-14 18:05:09.009536+08:00,Tayabas,2.0,2011004.0,0.18,2023-11-14,18:05:08,18
2023-11-14 23:57:43+08:00,10000.0,124.0272,10.5208,28.03,32.98,28.03,28.03,1012.0,85.0,1012.0,1012.0,3.89,52.0,5.14,97.0,2023-11-15 05:39:00+08:00,2023-11-15 17:17:56+08:00,500.0,Rain,light rain,10n,2023-11-15 00:01:53.548207+08:00,Danao,1.0,8187.0,0.71,2023-11-14,23:57:43,23
2023-11-15 00:00:33+08:00,10000.0,121.05,13.75,26.73,29.98,26.73,26.73,1014.0,90.0,1014.0,1013.0,3.69,80.0,6.01,99.0,2023-11-15 05:55:21+08:00,2023-11-15 17:25:24+08:00,500.0,Rain,light rain,10n,2023-11-15 00:00:33.979432+08:00,Batangas City,2.0,2011004.0,0.23,2023-11-15,00:00:33,0
2023-11-15 00:00:37+08:00,10000.0,121.1653,14.2117,27.44,31.75,26.66,27.73,1014.0,88.0,1014.0,1012.0,6.18,74.0,12.01,95.0,2023-11-15 05:55:32+08:00,2023-11-15 17:24:18+08:00,500.0,Rain,light rain,10n,2023-11-15 00:01:10.813343+08:00,Calamba,2.0,2084056.0,0.82,2023-11-15,00:00:37,0
2023-11-15 00:01:12+08:00,3565.0,121.1803,13.4117,26.73,29.64,26.73,26.73,1014.0,86.0,1014.0,1013.0,7.07,100.0,10.81,93.0,2023-11-15 05:54:21+08:00,2023-11-15 17:25:21+08:00,500.0,Rain,light rain,10n,2023-11-15 00:01:12.284319+08:00,Calapan,2.0,2011004.0,1.0,2023-11-15,00:01:12,0
2023-11-15 00:01:57+08:00,10000.0,120.9367,14.3294,26.69,29.54,26.22,27.29,1014.0,86.0,1014.0,1004.0,5.36,68.0,10.65,92.0,2023-11-15 05:56:37+08:00,2023-11-15 17:25:03+08:00,500.0,Rain,light rain,10n,2023-11-15 00:01:57.300178+08:00,Dasmariñas,2.0,2084056.0,0.1,2023-11-15,00:01:57,0
2023-11-15 00:05:07+08:00,10000.0,123.6333,10.3833,28.05,33.04,28.05,28.05,1012.0,85.0,1012.0,1012.0,2.94,47.0,4.2,96.0,2023-11-15 05:40:23+08:00,2023-11-15 17:19:42+08:00,500.0,Rain,light rain,10n,2023-11-15 00:05:07.224739+08:00,Toledo City,1.0,8187.0,0.38,2023-11-15,00:05:07,0
2023-11-15 06:00:36+08:00,10000.0,120.8817,14.3869,25.82,26.83,25.52,26.12,1013.0,91.0,1013.0,1011.0,9.61,43.0,11.11,95.0,2023-11-15 05:56:55+08:00,2023-11-15 17:25:11+08:00,500.0,Rain,light rain,10d,2023-11-15 06:02:39.047254+08:00,General Trias,2.0,2084056.0,0.25,2023-11-15,06:00:36,6
2023-11-15 06:05:00+08:00,10000.0,121.1498,14.0863,25.06,26.08,24.66,26.08,1014.0,94.0,1014.0,996.0,4.1,61.0,10.03,100.0,2023-11-15 05:55:25+08:00,2023-11-15 17:24:32+08:00,500.0,Rain,light rain,10d,2023-11-15 06:05:01.003670+08:00,Tanauan,2.0,2084056.0,0.53,2023-11-15,06:05:00,6
2023-11-15 12:00:42+08:00,10000.0,121.05,13.75,25.62,26.38,25.62,25.62,1013.0,82.0,1013.0,1012.0,6.04,79.0,10.1,99.0,2023-11-15 05:55:21+08:00,2023-11-15 17:25:24+08:00,500.0,Rain,light rain,10d,2023-11-15 12:00:42.657044+08:00,Batangas City,2.0,2011004.0,0.15,2023-11-15,12:00:42,12
2023-11-15 12:01:17+08:00,10000.0,121.1262,14.2726,27.33,31.95,26.62,29.96,1014.0,92.0,1014.0,1012.0,6.98,72.0,12.72,99.0,2023-11-15 05:55:46+08:00,2023-11-15 17:24:22+08:00,500.0,Rain,light rain,10d,2023-11-15 12:01:18.102835+08:00,Cabuyao,2.0,2084056.0,0.18,2023-11-15,12:01:17,12
2023-11-15 12:01:27+08:00,10000.0,121.1653,14.2117,26.79,29.87,26.62,29.97,1014.0,87.0,1014.0,1012.0,6.17,70.0,11.8,99.0,2023-11-15 05:55:32+08:00,2023-11-15 17:24:18+08:00,500.0,Rain,light rain,10d,2023-11-15 12:01:27.323629+08:00,Calamba,2.0,2084056.0,0.68,2023-11-15,12:01:27,12
2023-11-15 12:03:08+08:00,10000.0,121.1667,13.95,23.59,24.41,23.59,23.59,1014.0,92.0,1014.0,977.0,2.85,54.0,7.66,100.0,2023-11-15 05:55:10+08:00,2023-11-15 17:24:40+08:00,501.0,Rain,moderate rain,10d,2023-11-15 12:03:08.472492+08:00,Lipa City,2.0,2011004.0,2.46,2023-11-15,12:03:08,12
2023-11-15 12:04:50+08:00,10000.0,121.1498,14.0863,25.89,26.88,25.74,27.08,1014.0,90.0,1014.0,996.0,3.76,61.0,9.05,100.0,2023-11-15 05:55:25+08:00,2023-11-15 17:24:32+08:00,500.0,Rain,light rain,10d,2023-11-15 12:04:51.179692+08:00,Tanauan,2.0,2084056.0,0.86,2023-11-15,12:04:50,12
2023-11-15 12:05:01+08:00,6805.0,121.5911,14.0289,24.39,25.39,24.39,24.39,1014.0,96.0,1014.0,991.0,4.59,53.0,10.37,100.0,2023-11-15 05:53:34+08:00,2023-11-15 17:22:51+08:00,501.0,Rain,moderate rain,10d,2023-11-15 12:05:01.836858+08:00,Tayabas,2.0,2011004.0,1.78,2023-11-15,12:05:01,12
2023-11-15 18:00:40+08:00,10000.0,120.8817,14.3869,26.06,26.06,25.52,26.68,1014.0,94.0,1014.0,1011.0,8.55,62.0,13.1,95.0,2023-11-15 05:56:55+08:00,2023-11-15 17:25:11+08:00,500.0,Rain,light rain,10n,2023-11-15 18:02:21.227886+08:00,General Trias,2.0,2084056.0,0.4,2023-11-15,18:00:40,18
2023-11-15 18:00:44+08:00,10000.0,121.05,13.75,25.62,26.56,25.62,25.62,1014.0,89.0,1014.0,1013.0,5.58,89.0,9.3,99.0,2023-11-15 05:55:21+08:00,2023-11-15 17:25:24+08:00,501.0,Rain,moderate rain,10n,2023-11-15 18:00:44.721570+08:00,Batangas City,2.0,2011004.0,2.73,2023-11-15,18:00:44,18
2023-11-15 18:01:08+08:00,10000.0,121.1262,14.2726,26.14,26.14,25.55,26.7,1014.0,92.0,1014.0,1012.0,6.73,76.0,12.42,97.0,2023-11-15 05:55:46+08:00,2023-11-15 17:24:22+08:00,500.0,Rain,light rain,10n,2023-11-15 18:01:08.484035+08:00,Cabuyao,2.0,2084056.0,0.47,2023-11-15,18:01:08,18
2023-11-15 18:01:17+08:00,10000.0,121.1653,14.2117,26.34,26.34,25.55,26.62,1014.0,87.0,1014.0,1013.0,6.07,74.0,11.53,97.0,2023-11-15 05:55:32+08:00,2023-11-15 17:24:18+08:00,500.0,Rain,light rain,10n,2023-11-15 18:01:17.574460+08:00,Calamba,2.0,2084056.0,0.23,2023-11-15,18:01:17,18
2023-11-15 18:02:01+08:00,10000.0,120.9367,14.3294,25.69,26.8,25.11,26.27,1014.0,95.0,1014.0,1005.0,6.58,74.0,12.42,99.0,2023-11-15 05:56:37+08:00,2023-11-15 17:25:03+08:00,501.0,Rain,moderate rain,10n,2023-11-15 18:02:01.615622+08:00,Dasmariñas,2.0,2084056.0,1.6,2023-11-15,18:02:01,18
2023-11-15 18:02:56+08:00,10000.0,121.1667,13.95,23.59,24.43,23.59,23.59,1014.0,93.0,1014.0,977.0,2.59,56.0,7.35,100.0,2023-11-15 05:55:10+08:00,2023-11-15 17:24:40+08:00,500.0,Rain,light rain,10n,2023-11-15 18:02:56.072474+08:00,Lipa City,2.0,2011004.0,0.69,2023-11-15,18:02:56,18
2023-11-15 18:04:24+08:00,10000.0,120.9337,14.1059,22.28,22.81,21.46,22.53,1014.0,86.0,1014.0,942.0,4.96,69.0,11.74,100.0,2023-11-15 05:56:18+08:00,2023-11-15 17:25:22+08:00,501.0,Rain,moderate rain,10n,2023-11-15 18:04:24.107873+08:00,Tagaytay City,2.0,2084056.0,3.76,2023-11-15,18:04:24,18
2023-11-15 18:04:29+08:00,10000.0,121.1498,14.0863,25.47,26.45,24.66,25.74,1014.0,91.0,1014.0,997.0,3.68,63.0,8.82,99.0,2023-11-15 05:55:25+08:00,2023-11-15 17:24:32+08:00,500.0,Rain,light rain,10n,2023-11-15 18:04:29.580848+08:00,Tanauan,2.0,2084056.0,0.24,2023-11-15,18:04:29,18
2023-11-15 18:04:39+08:00,10000.0,121.5911,14.0289,24.39,25.34,24.39,24.39,1015.0,94.0,1015.0,992.0,4.67,50.0,10.62,100.0,2023-11-15 05:53:34+08:00,2023-11-15 17:22:51+08:00,500.0,Rain,light rain,10n,2023-11-15 18:04:39.955132+08:00,Tayabas,2.0,2011004.0,0.56,2023-11-15,18:04:39,18
2023-11-16 00:04:53+08:00,10000.0,121.5911,14.0289,24.39,25.31,24.39,24.39,1016.0,93.0,1016.0,993.0,4.29,52.0,10.28,98.0,2023-11-16 05:54:02+08:00,2023-11-16 17:22:45+08:00,500.0,Rain,light rain,10n,2023-11-16 00:04:53.147706+08:00,Tayabas,2.0,2011004.0,0.56,2023-11-16,00:04:53,0
2023-11-16 03:03:31+08:00,10000.0,125.6842,7.3081,26.06,26.06,26.06,26.06,1010.0,88.0,1010.0,1010.0,4.0,351.0,7.21,39.0,2023-11-16 05:28:21+08:00,2023-11-16 17:15:40+08:00,501.0,Rain,moderate rain,10n,2023-11-16 03:03:31.885692+08:00,Panabo,1.0,8154.0,1.13,2023-11-16,03:03:31,3
2023-11-16 09:00:37+08:00,10000.0,123.1228,9.5911,26.99,29.53,26.99,26.99,1014.0,78.0,1014.0,1013.0,5.04,58.0,9.0,47.0,2023-11-16 05:41:43+08:00,2023-11-16 17:22:48+08:00,500.0,Rain,light rain,10d,2023-11-16 09:00:37.625329+08:00,Bais,1.0,8185.0,0.3,2023-11-16,09:00:37,9
2023-11-16 09:03:47+08:00,10000.0,125.6842,7.3081,26.06,26.06,26.06,26.06,1013.0,80.0,1013.0,1012.0,3.61,357.0,6.04,98.0,2023-11-16 05:28:21+08:00,2023-11-16 17:15:40+08:00,500.0,Rain,light rain,10d,2023-11-16 09:03:47.316574+08:00,Panabo,1.0,8154.0,0.7,2023-11-16,09:03:47,9
2023-11-16 12:00:27+08:00,10000.0,123.1228,9.5911,28.99,33.67,28.99,28.99,1012.0,75.0,1012.0,1010.0,5.02,40.0,7.48,83.0,2023-11-16 05:41:43+08:00,2023-11-16 17:22:48+08:00,500.0,Rain,light rain,10d,2023-11-16 12:00:27.873698+08:00,Bais,1.0,8185.0,0.65,2023-11-16,12:00:27,12
2023-11-16 12:01:22+08:00,10000.0,123.6402,10.1061,27.98,31.31,27.98,27.98,1012.0,75.0,1012.0,1010.0,5.84,44.0,7.78,79.0,2023-11-16 05:40:22+08:00,2023-11-16 17:20:02+08:00,501.0,Rain,moderate rain,10d,2023-11-16 12:01:22.392958+08:00,Carcar,1.0,8187.0,1.23,2023-11-16,12:01:22,12
2023-11-16 12:01:46+08:00,9002.0,124.0272,10.5208,28.03,32.17,28.03,28.03,1012.0,80.0,1012.0,1012.0,4.87,25.0,6.46,78.0,2023-11-16 05:39:23+08:00,2023-11-16 17:17:54+08:00,503.0,Rain,very heavy rain,10d,2023-11-16 12:01:46.214259+08:00,Danao,1.0,8187.0,16.8,2023-11-16,12:01:46,12
2023-11-16 12:03:36+08:00,9913.0,125.6842,7.3081,26.06,26.06,26.06,26.06,1010.0,70.0,1010.0,1009.0,4.07,7.0,5.83,88.0,2023-11-16 05:28:21+08:00,2023-11-16 17:15:40+08:00,503.0,Rain,very heavy rain,10d,2023-11-16 12:03:36.741312+08:00,Panabo,1.0,8154.0,26.61,2023-11-16,12:03:36,12
2023-11-16 12:04:39+08:00,10000.0,123.1583,9.5153,27.01,29.3,27.01,27.01,1012.0,75.0,1012.0,1011.0,4.45,36.0,6.73,89.0,2023-11-16 05:41:29+08:00,2023-11-16 17:22:46+08:00,501.0,Rain,moderate rain,10d,2023-11-16 12:04:39.584654+08:00,Tanjay,1.0,8185.0,1.78,2023-11-16,12:04:39,12
2023-11-16 15:00:26+08:00,10000.0,123.1228,9.5911,25.99,25.99,25.99,25.99,1010.0,81.0,1010.0,1009.0,3.46,50.0,6.12,100.0,2023-11-16 05:41:43+08:00,2023-11-16 17:22:48+08:00,501.0,Rain,moderate rain,10d,2023-11-16 15:00:26.618507+08:00,Bais,1.0,8185.0,1.78,2023-11-16,15:00:26,15
2023-11-16 15:01:16+08:00,6328.0,123.6402,10.1061,25.98,25.98,25.98,25.98,1010.0,88.0,1010.0,1008.0,4.93,31.0,6.88,100.0,2023-11-16 05:40:22+08:00,2023-11-16 17:20:02+08:00,501.0,Rain,moderate rain,10d,2023-11-16 15:01:16.883291+08:00,Carcar,1.0,8187.0,2.66,2023-11-16,15:01:16,15
2023-11-16 15:01:40+08:00,5081.0,124.0272,10.5208,26.03,26.03,26.03,26.03,1010.0,91.0,1010.0,1009.0,5.35,49.0,7.59,100.0,2023-11-16 05:39:23+08:00,2023-11-16 17:17:54+08:00,501.0,Rain,moderate rain,10d,2023-11-16 15:01:40.123900+08:00,Danao,1.0,8187.0,1.62,2023-11-16,15:01:40,15
2023-11-16 15:04:24+08:00,7848.0,123.1583,9.5153,27.01,30.05,27.01,27.01,1010.0,83.0,1010.0,1009.0,3.93,22.0,6.19,100.0,2023-11-16 05:41:29+08:00,2023-11-16 17:22:46+08:00,501.0,Rain,moderate rain,10d,2023-11-16 15:04:24.370211+08:00,Tanjay,1.0,8185.0,1.03,2023-11-16,15:04:24,15
2023-11-16 15:04:37+08:00,4499.0,123.6333,10.3833,26.05,26.05,26.05,26.05,1010.0,91.0,1010.0,1010.0,4.93,35.0,7.3,100.0,2023-11-16 05:40:46+08:00,2023-11-16 17:19:40+08:00,501.0,Rain,moderate rain,10d,2023-11-16 15:04:37.561324+08:00,Toledo City,1.0,8187.0,1.54,2023-11-16,15:04:37,15
2023-11-16 18:01:47+08:00,10000.0,124.0272,10.5208,25.03,25.86,25.03,25.03,1011.0,87.0,1011.0,1011.0,4.29,38.0,6.73,93.0,2023-11-16 05:39:23+08:00,2023-11-16 17:17:54+08:00,501.0,Rain,moderate rain,10n,2023-11-16 18:01:47.161917+08:00,Danao,1.0,8187.0,3.1,2023-11-16,18:01:47,18
2023-11-16 18:03:37+08:00,6323.0,125.6842,7.3081,26.06,26.06,26.06,26.06,1011.0,90.0,1011.0,1010.0,0.09,85.0,1.15,100.0,2023-11-16 05:28:21+08:00,2023-11-16 17:15:40+08:00,501.0,Rain,moderate rain,10n,2023-11-16 18:03:37.844218+08:00,Panabo,1.0,8154.0,1.5,2023-11-16,18:03:37,18
2023-11-16 18:04:42+08:00,10000.0,123.6333,10.3833,25.05,25.91,25.05,25.05,1012.0,88.0,1012.0,1012.0,4.36,33.0,6.97,99.0,2023-11-16 05:40:46+08:00,2023-11-16 17:19:40+08:00,500.0,Rain,light rain,10n,2023-11-16 18:04:42.852685+08:00,Toledo City,1.0,8187.0,0.18,2023-11-16,18:04:42,18
2023-11-16 21:05:32+08:00,10000.0,123.1583,9.5153,26.01,26.01,26.01,26.01,1013.0,87.0,1013.0,1012.0,2.42,23.0,5.45,100.0,2023-11-16 05:41:29+08:00,2023-11-16 17:22:46+08:00,500.0,Rain,light rain,10n,2023-11-16 21:05:33.042255+08:00,Tanjay,1.0,8185.0,0.17,2023-11-16,21:05:32,21
2023-11-17 18:01:58+08:00,10000.0,124.0272,10.5208,25.54,26.71,25.54,30.03,1011.0,98.0,1011.0,1011.0,6.26,70.0,13.41,99.0,2023-11-17 05:39:47+08:00,2023-11-17 17:17:54+08:00,500.0,Rain,light rain,10n,2023-11-17 18:01:58.618330+08:00,Danao,2.0,2089763.0,0.85,2023-11-17,18:01:58,18
2023-11-17 18:03:45+08:00,10000.0,125.6842,7.3081,29.06,36.06,29.06,29.06,1010.0,88.0,1010.0,1009.0,4.45,353.0,7.29,100.0,2023-11-17 05:28:41+08:00,2023-11-17 17:15:44+08:00,501.0,Rain,moderate rain,10n,2023-11-17 18:03:45.113969+08:00,Panabo,1.0,8154.0,1.33,2023-11-17,18:03:45,18
2023-11-17 21:01:56+08:00,10000.0,123.6402,10.1061,26.98,30.17,26.98,26.98,1012.0,85.0,1012.0,1011.0,3.06,55.0,3.86,100.0,2023-11-17 05:40:45+08:00,2023-11-17 17:20:01+08:00,501.0,Rain,moderate rain,10n,2023-11-17 21:01:56.891419+08:00,Carcar,1.0,8187.0,1.89,2023-11-17,21:01:56,21
2023-11-17 21:02:12+08:00,10000.0,122.65,11.15,24.23,25.19,24.23,24.23,1013.0,95.0,1013.0,1007.0,1.86,5.0,3.77,89.0,2023-11-17 05:46:10+08:00,2023-11-17 17:22:31+08:00,501.0,Rain,moderate rain,10n,2023-11-17 21:02:13.251126+08:00,City of Passi,2.0,2073369.0,1.15,2023-11-17,21:02:12,21
2023-11-17 21:05:55+08:00,10000.0,123.6333,10.3833,27.05,30.35,27.05,27.22,1012.0,85.0,1012.0,1012.0,3.15,33.0,4.68,100.0,2023-11-17 05:41:10+08:00,2023-11-17 17:19:40+08:00,501.0,Rain,moderate rain,10n,2023-11-17 21:05:55.731430+08:00,Toledo City,1.0,8187.0,1.59,2023-11-17,21:05:55,21
2023-11-18 06:00:55+08:00,10000.0,123.1228,9.5911,26.99,31.13,26.99,26.99,1011.0,94.0,1011.0,1010.0,1.93,54.0,2.61,100.0,2023-11-18 05:42:29+08:00,2023-11-18 17:22:50+08:00,500.0,Rain,light rain,10d,2023-11-18 06:00:55.605892+08:00,Bais,1.0,8185.0,0.17,2023-11-18,06:00:55,6
2023-11-18 06:01:49+08:00,10000.0,123.6402,10.1061,25.98,25.98,25.98,25.98,1010.0,86.0,1010.0,1009.0,3.8,7.0,5.51,100.0,2023-11-18 05:41:08+08:00,2023-11-18 17:20:02+08:00,501.0,Rain,moderate rain,10d,2023-11-18 06:01:49.526960+08:00,Carcar,1.0,8187.0,1.68,2023-11-18,06:01:49,6
2023-11-18 06:02:23+08:00,10000.0,124.0272,10.5208,27.76,31.93,26.03,27.76,1011.0,83.0,1011.0,1010.0,1.34,27.0,1.79,100.0,2023-11-18 05:40:11+08:00,2023-11-18 17:17:54+08:00,501.0,Rain,moderate rain,10d,2023-11-18 06:02:24.297202+08:00,Danao,2.0,2089763.0,2.05,2023-11-18,06:02:23,6
2023-11-18 06:05:29+08:00,10000.0,123.1583,9.5153,27.01,30.35,27.01,27.01,1010.0,86.0,1010.0,1009.0,3.38,32.0,5.56,100.0,2023-11-18 05:42:14+08:00,2023-11-18 17:22:48+08:00,500.0,Rain,light rain,10d,2023-11-18 06:05:29.454509+08:00,Tanjay,1.0,8185.0,0.13,2023-11-18,06:05:29,6
2023-11-18 06:05:36+08:00,10000.0,123.6333,10.3833,26.05,26.05,26.05,27.78,1010.0,88.0,1010.0,1010.0,4.8,14.0,6.66,100.0,2023-11-18 05:41:34+08:00,2023-11-18 17:19:40+08:00,500.0,Rain,light rain,10d,2023-11-18 06:05:36.409885+08:00,Toledo City,1.0,8187.0,0.26,2023-11-18,06:05:36,6
2023-11-18 09:00:25+08:00,10000.0,123.1228,9.5911,27.99,32.07,27.99,27.99,1012.0,80.0,1012.0,1011.0,2.41,34.0,5.01,100.0,2023-11-18 05:42:29+08:00,2023-11-18 17:22:50+08:00,501.0,Rain,moderate rain,10d,2023-11-18 09:00:26.511211+08:00,Bais,1.0,8185.0,1.15,2023-11-18,09:00:25,9
2023-11-18 09:01:39+08:00,10000.0,123.6402,10.1061,26.98,29.88,26.98,26.98,1012.0,82.0,1012.0,1011.0,3.86,3.0,5.04,100.0,2023-11-18 05:41:08+08:00,2023-11-18 17:20:02+08:00,500.0,Rain,light rain,10d,2023-11-18 09:01:39.850121+08:00,Carcar,1.0,8187.0,0.12,2023-11-18,09:01:39,9
2023-11-18 09:01:57+08:00,10000.0,122.65,11.15,27.01,30.15,27.01,27.01,1013.0,84.0,1013.0,1007.0,6.01,20.0,9.35,52.0,2023-11-18 05:46:35+08:00,2023-11-18 17:22:31+08:00,500.0,Rain,light rain,10d,2023-11-18 09:01:58.107877+08:00,City of Passi,2.0,2073369.0,0.39,2023-11-18,09:01:57,9
2023-11-18 09:02:08+08:00,5406.0,124.0272,10.5208,25.54,26.66,25.54,27.03,1012.0,96.0,1012.0,1011.0,6.26,354.0,7.15,100.0,2023-11-18 05:40:11+08:00,2023-11-18 17:17:54+08:00,500.0,Rain,light rain,10d,2023-11-18 09:02:08.115947+08:00,Danao,2.0,2089763.0,0.95,2023-11-18,09:02:08,9
2023-11-18 09:05:04+08:00,10000.0,123.1583,9.5153,29.01,34.77,29.01,29.01,1012.0,80.0,1012.0,1011.0,4.69,20.0,6.92,100.0,2023-11-18 05:42:14+08:00,2023-11-18 17:22:48+08:00,500.0,Rain,light rain,10d,2023-11-18 09:05:04.896929+08:00,Tanjay,1.0,8185.0,0.15,2023-11-18,09:05:04,9
2023-11-18 09:05:11+08:00,10000.0,123.6333,10.3833,27.05,30.35,25.56,27.05,1012.0,85.0,1012.0,1012.0,5.74,11.0,7.64,100.0,2023-11-18 05:41:34+08:00,2023-11-18 17:19:40+08:00,501.0,Rain,moderate rain,10d,2023-11-18 09:05:11.153348+08:00,Toledo City,1.0,8187.0,2.05,2023-11-18,09:05:11,9
2023-11-18 12:00:09+08:00,10000.0,125.6842,7.3081,31.06,36.02,31.06,31.06,1008.0,64.0,1008.0,1008.0,1.18,5.0,2.54,100.0,2023-11-18 05:29:02+08:00,2023-11-18 17:15:48+08:00,500.0,Rain,light rain,10d,2023-11-18 12:03:44.154277+08:00,Panabo,1.0,8154.0,0.27,2023-11-18,12:00:09,12
2023-11-18 12:00:22+08:00,10000.0,123.1228,9.5911,28.99,34.29,28.99,28.99,1010.0,78.0,1010.0,1009.0,5.24,19.0,7.41,100.0,2023-11-18 05:42:29+08:00,2023-11-18 17:22:50+08:00,502.0,Rain,heavy intensity rain,10d,2023-11-18 12:00:23.241790+08:00,Bais,1.0,8185.0,4.86,2023-11-18,12:00:22,12
2023-11-18 12:01:32+08:00,7832.0,123.6402,10.1061,26.98,30.27,26.98,26.98,1010.0,86.0,1010.0,1009.0,8.64,6.0,10.62,100.0,2023-11-18 05:41:08+08:00,2023-11-18 17:20:02+08:00,500.0,Rain,light rain,10d,2023-11-18 12:01:32.736804+08:00,Carcar,1.0,8187.0,0.62,2023-11-18,12:01:32,12
2023-11-18 12:01:47+08:00,10000.0,122.65,11.15,26.46,26.46,26.46,26.46,1011.0,88.0,1011.0,1005.0,4.82,13.0,8.8,88.0,2023-11-18 05:46:35+08:00,2023-11-18 17:22:31+08:00,502.0,Rain,heavy intensity rain,10d,2023-11-18 12:01:48.069537+08:00,City of Passi,2.0,2073369.0,10.51,2023-11-18,12:01:47,12
2023-11-18 12:01:56+08:00,6164.0,124.0272,10.5208,27.2,31.31,27.03,27.2,1010.0,90.0,1010.0,1009.0,2.24,22.0,2.68,100.0,2023-11-18 05:40:11+08:00,2023-11-18 17:17:54+08:00,501.0,Rain,moderate rain,10d,2023-11-18 12:01:56.978044+08:00,Danao,2.0,2089763.0,1.68,2023-11-18,12:01:56,12
2023-11-18 12:04:51+08:00,10000.0,123.1583,9.5153,29.01,34.55,29.01,29.01,1010.0,79.0,1010.0,1009.0,5.38,7.0,7.21,100.0,2023-11-18 05:42:14+08:00,2023-11-18 17:22:48+08:00,501.0,Rain,moderate rain,10d,2023-11-18 12:04:51.593976+08:00,Tanjay,1.0,8185.0,3.65,2023-11-18,12:04:51,12
2023-11-18 12:04:56+08:00,10000.0,123.6333,10.3833,27.05,30.88,27.05,27.78,1010.0,90.0,1010.0,1010.0,5.49,359.0,7.74,100.0,2023-11-18 05:41:34+08:00,2023-11-18 17:19:40+08:00,501.0,Rain,moderate rain,10d,2023-11-18 12:04:56.468401+08:00,Toledo City,1.0,8187.0,2.37,2023-11-18,12:04:56,12
2023-11-18 15:00:22+08:00,10000.0,123.1228,9.5911,27.99,33.03,27.99,27.99,1009.0,86.0,1009.0,1008.0,1.71,28.0,2.81,100.0,2023-11-18 05:42:29+08:00,2023-11-18 17:22:50+08:00,500.0,Rain,light rain,10d,2023-11-18 15:00:22.584560+08:00,Bais,1.0,8185.0,1.0,2023-11-18,15:00:22,15
2023-11-18 15:01:30+08:00,10000.0,122.65,11.15,25.9,26.97,25.9,25.9,1010.0,93.0,1010.0,1004.0,4.8,8.0,10.57,100.0,2023-11-18 05:46:35+08:00,2023-11-18 17:22:31+08:00,501.0,Rain,moderate rain,10d,2023-11-18 15:01:30.296576+08:00,City of Passi,2.0,2073369.0,1.54,2023-11-18,15:01:30,15
2023-11-18 15:01:37+08:00,10000.0,124.0272,10.5208,27.2,31.08,27.2,28.03,1009.0,88.0,1009.0,1008.0,8.49,0.0,12.07,100.0,2023-11-18 05:40:11+08:00,2023-11-18 17:17:54+08:00,500.0,Rain,light rain,10d,2023-11-18 15:01:37.894641+08:00,Danao,2.0,2089763.0,0.6,2023-11-18,15:01:37,15
2023-11-18 15:04:35+08:00,10000.0,123.1583,9.5153,28.01,33.26,28.01,28.01,1009.0,87.0,1009.0,1008.0,4.64,5.0,8.12,100.0,2023-11-18 05:42:14+08:00,2023-11-18 17:22:48+08:00,500.0,Rain,light rain,10d,2023-11-18 15:04:35.228269+08:00,Tanjay,1.0,8185.0,0.65,2023-11-18,15:04:35,15
2023-11-18 15:04:40+08:00,10000.0,123.6333,10.3833,28.05,34.45,27.22,28.05,1009.0,93.0,1009.0,1009.0,6.51,13.0,9.37,100.0,2023-11-18 05:41:34+08:00,2023-11-18 17:19:40+08:00,500.0,Rain,light rain,10d,2023-11-18 15:04:40.371631+08:00,Toledo City,1.0,8187.0,0.15,2023-11-18,15:04:40,15
2023-11-18 18:00:24+08:00,10000.0,123.1228,9.5911,26.99,31.13,26.99,26.99,1010.0,94.0,1010.0,1009.0,2.68,51.0,6.3,100.0,2023-11-18 05:42:29+08:00,2023-11-18 17:22:50+08:00,500.0,Rain,light rain,10n,2023-11-18 18:00:24.227165+08:00,Bais,1.0,8185.0,0.56,2023-11-18,18:00:24,18
2023-11-18 18:01:30+08:00,10000.0,122.65,11.15,24.79,25.83,24.79,24.79,1011.0,96.0,1011.0,1005.0,5.09,17.0,11.95,100.0,2023-11-18 05:46:35+08:00,2023-11-18 17:22:31+08:00,501.0,Rain,moderate rain,10n,2023-11-18 18:01:30.549573+08:00,City of Passi,2.0,2073369.0,2.59,2023-11-18,18:01:30,18
2023-11-18 18:01:38+08:00,10000.0,124.0272,10.5208,27.2,30.85,27.03,27.2,1010.0,86.0,1010.0,1009.0,9.39,3.0,11.18,100.0,2023-11-18 05:40:11+08:00,2023-11-18 17:17:54+08:00,500.0,Rain,light rain,10n,2023-11-18 18:01:38.578557+08:00,Danao,2.0,2089763.0,0.73,2023-11-18,18:01:38,18
2023-11-18 18:04:40+08:00,7731.0,123.1583,9.5153,27.01,30.66,27.01,27.01,1010.0,89.0,1010.0,1009.0,5.24,25.0,8.39,100.0,2023-11-18 05:42:14+08:00,2023-11-18 17:22:48+08:00,500.0,Rain,light rain,10n,2023-11-18 18:04:40.531412+08:00,Tanjay,1.0,8185.0,0.21,2023-11-18,18:04:40,18
2023-11-18 18:04:46+08:00,10000.0,123.6333,10.3833,27.05,31.1,27.05,27.22,1010.0,92.0,1010.0,1010.0,5.67,15.0,7.48,100.0,2023-11-18 05:41:34+08:00,2023-11-18 17:19:40+08:00,500.0,Rain,light rain,10n,2023-11-18 18:04:46.639463+08:00,Toledo City,1.0,8187.0,0.36,2023-11-18,18:04:46,18
2023-11-18 21:00:37+08:00,10000.0,123.1228,9.5911,26.99,31.13,26.99,26.99,1012.0,94.0,1012.0,1010.0,2.51,54.0,6.22,100.0,2023-11-18 05:42:29+08:00,2023-11-18 17:22:50+08:00,501.0,Rain,moderate rain,10n,2023-11-18 21:00:37.432586+08:00,Bais,1.0,8185.0,1.12,2023-11-18,21:00:37,21
2023-11-18 21:01:46+08:00,10000.0,122.65,11.15,24.79,25.83,24.79,24.79,1012.0,96.0,1012.0,1006.0,4.69,14.0,11.15,100.0,2023-11-18 05:46:35+08:00,2023-11-18 17:22:31+08:00,501.0,Rain,moderate rain,10n,2023-11-18 21:01:46.512353+08:00,City of Passi,2.0,2073369.0,1.33,2023-11-18,21:01:46,21
2023-11-18 21:02:10+08:00,10000.0,120.9464,15.3072,26.74,29.41,26.74,26.74,1014.0,83.0,1014.0,1011.0,2.99,57.0,5.87,65.0,2023-11-18 05:59:25+08:00,2023-11-18 17:23:19+08:00,500.0,Rain,light rain,10n,2023-11-18 21:02:11.361637+08:00,Gapan,1.0,8152.0,0.18,2023-11-18,21:02:10,21
2023-11-18 21:03:21+08:00,10000.0,120.8117,14.8419,27.88,30.69,26.85,28.4,1014.0,72.0,1014.0,1013.0,8.98,59.0,14.08,94.0,2023-11-18 05:59:17+08:00,2023-11-18 17:24:32+08:00,500.0,Rain,light rain,10n,2023-11-18 21:03:21.431415+08:00,Malolos,2.0,2008256.0,0.53,2023-11-18,21:03:21,21
2023-11-18 21:04:18+08:00,10000.0,121.0453,14.8139,27.7,30.58,27.49,28.11,1014.0,74.0,1014.0,1008.0,9.1,58.0,16.02,50.0,2023-11-18 05:58:18+08:00,2023-11-18 17:23:38+08:00,500.0,Rain,light rain,10n,2023-11-18 21:04:18.148537+08:00,San Jose del Monte,2.0,2008256.0,0.14,2023-11-18,21:04:18,21
2023-11-18 21:05:00+08:00,9939.0,123.1583,9.5153,27.01,30.55,27.01,27.01,1011.0,88.0,1011.0,1010.0,3.74,31.0,6.82,100.0,2023-11-18 05:42:14+08:00,2023-11-18 17:22:48+08:00,501.0,Rain,moderate rain,10n,2023-11-18 21:05:00.564373+08:00,Tanjay,1.0,8185.0,1.15,2023-11-18,21:05:00,21
2023-11-18 21:05:06+08:00,10000.0,123.6333,10.3833,27.05,31.32,27.05,27.22,1011.0,94.0,1011.0,1011.0,5.38,19.0,7.2,100.0,2023-11-18 05:41:34+08:00,2023-11-18 17:19:40+08:00,500.0,Rain,light rain,10n,2023-11-18 21:05:06.804745+08:00,Toledo City,1.0,8187.0,0.36,2023-11-18,21:05:06,21
2023-11-19 00:02:00+08:00,10000.0,124.0272,10.5208,27.2,30.96,27.03,27.2,1010.0,87.0,1010.0,1010.0,4.92,359.0,6.71,100.0,2023-11-19 05:40:36+08:00,2023-11-19 17:17:56+08:00,501.0,Rain,moderate rain,10n,2023-11-19 00:02:00.791187+08:00,Danao,2.0,2089763.0,1.23,2023-11-19,00:02:00,0
2023-11-19 00:03:11+08:00,10000.0,121.1667,13.95,25.25,26.02,25.25,25.25,1014.0,84.0,1014.0,977.0,3.61,46.0,9.13,100.0,2023-11-19 05:57:02+08:00,2023-11-19 17:24:22+08:00,500.0,Rain,light rain,10n,2023-11-19 00:03:11.808223+08:00,Lipa City,2.0,2011004.0,0.17,2023-11-19,00:03:11,0
2023-11-19 03:00:32+08:00,7421.0,123.1228,9.5911,26.99,30.81,26.99,26.99,1009.0,91.0,1009.0,1007.0,3.13,29.0,5.72,100.0,2023-11-19 05:42:53+08:00,2023-11-19 17:22:53+08:00,501.0,Rain,moderate rain,10n,2023-11-19 03:00:32.587001+08:00,Bais,1.0,8185.0,1.59,2023-11-19,03:00:32,3
2023-11-19 03:00:35+08:00,10000.0,120.5361,14.6761,26.03,26.03,26.03,26.74,1012.0,77.0,1012.0,1011.0,7.84,54.0,11.89,83.0,2023-11-19 06:00:38+08:00,2023-11-19 17:25:49+08:00,500.0,Rain,light rain,10n,2023-11-19 03:00:35.757531+08:00,Balanga,1.0,8151.0,0.34,2023-11-19,03:00:35,3
2023-11-19 03:01:31+08:00,5356.0,123.6402,10.1061,26.98,30.58,26.98,26.98,1009.0,89.0,1009.0,1008.0,3.82,23.0,5.42,99.0,2023-11-19 05:41:33+08:00,2023-11-19 17:20:04+08:00,501.0,Rain,moderate rain,10n,2023-11-19 03:01:32.175312+08:00,Carcar,1.0,8187.0,3.16,2023-11-19,03:01:31,3
2023-11-19 03:02:17+08:00,10000.0,120.9464,15.3072,23.74,24.52,23.74,23.74,1013.0,90.0,1013.0,1010.0,1.45,34.0,2.42,99.0,2023-11-19 05:59:56+08:00,2023-11-19 17:23:14+08:00,500.0,Rain,light rain,10n,2023-11-19 03:02:17.633518+08:00,Gapan,1.0,8152.0,0.37,2023-11-19,03:02:17,3
2023-11-19 03:04:47+08:00,4857.0,123.1583,9.5153,27.01,30.66,27.01,27.01,1009.0,89.0,1009.0,1008.0,2.55,22.0,5.12,100.0,2023-11-19 05:42:38+08:00,2023-11-19 17:22:51+08:00,501.0,Rain,moderate rain,10n,2023-11-19 03:04:47.605101+08:00,Tanjay,1.0,8185.0,1.54,2023-11-19,03:04:47,3
2023-11-19 03:04:54+08:00,10000.0,123.6333,10.3833,27.05,30.88,27.05,27.78,1009.0,90.0,1009.0,1009.0,4.45,23.0,6.21,99.0,2023-11-19 05:41:58+08:00,2023-11-19 17:19:42+08:00,500.0,Rain,light rain,10n,2023-11-19 03:04:54.169492+08:00,Toledo City,1.0,8187.0,0.56,2023-11-19,03:04:54,3
2023-11-19 06:00:25+08:00,10000.0,123.1228,9.5911,26.99,31.02,26.99,26.99,1010.0,93.0,1010.0,1009.0,2.7,64.0,5.21,100.0,2023-11-19 05:42:53+08:00,2023-11-19 17:22:53+08:00,501.0,Rain,moderate rain,10d,2023-11-19 06:00:25.663567+08:00,Bais,1.0,8185.0,2.37,2023-11-19,06:00:25,6
2023-11-19 06:01:25+08:00,10000.0,123.6402,10.1061,26.98,30.47,26.98,26.98,1010.0,88.0,1010.0,1009.0,4.31,40.0,5.62,100.0,2023-11-19 05:41:33+08:00,2023-11-19 17:20:04+08:00,502.0,Rain,heavy intensity rain,10d,2023-11-19 06:01:26.357161+08:00,Carcar,1.0,8187.0,5.62,2023-11-19,06:01:25,6
2023-11-19 06:01:43+08:00,4313.0,122.65,11.15,24.79,25.86,24.79,24.79,1011.0,97.0,1011.0,1005.0,4.42,22.0,10.11,100.0,2023-11-19 05:47:01+08:00,2023-11-19 17:22:32+08:00,500.0,Rain,light rain,10d,2023-11-19 06:01:43.250595+08:00,City of Passi,2.0,2073369.0,0.92,2023-11-19,06:01:43,6
2023-11-19 06:01:51+08:00,10000.0,124.0272,10.5208,27.2,30.96,27.03,27.2,1010.0,87.0,1010.0,1010.0,4.92,9.0,6.26,100.0,2023-11-19 05:40:36+08:00,2023-11-19 17:17:56+08:00,502.0,Rain,heavy intensity rain,10d,2023-11-19 06:01:52.033490+08:00,Danao,2.0,2089763.0,4.47,2023-11-19,06:01:51,6
2023-11-19 06:03:32+08:00,10000.0,125.6842,7.3081,25.06,26.05,25.06,25.06,1009.0,93.0,1009.0,1009.0,3.17,335.0,4.54,100.0,2023-11-19 05:29:23+08:00,2023-11-19 17:15:53+08:00,501.0,Rain,moderate rain,10d,2023-11-19 06:03:32.833571+08:00,Panabo,1.0,8154.0,1.5,2023-11-19,06:03:32,6
2023-11-19 06:04:39+08:00,10000.0,123.1583,9.5153,27.01,30.45,27.01,27.01,1009.0,87.0,1009.0,1008.0,2.09,41.0,4.82,100.0,2023-11-19 05:42:38+08:00,2023-11-19 17:22:51+08:00,501.0,Rain,moderate rain,10d,2023-11-19 06:04:39.682021+08:00,Tanjay,1.0,8185.0,2.37,2023-11-19,06:04:39,6
2023-11-19 06:04:45+08:00,10000.0,123.6333,10.3833,27.05,30.88,27.05,27.22,1010.0,90.0,1010.0,1010.0,4.6,30.0,6.51,100.0,2023-11-19 05:41:58+08:00,2023-11-19 17:19:42+08:00,502.0,Rain,heavy intensity rain,10d,2023-11-19 06:04:45.885071+08:00,Toledo City,1.0,8187.0,6.48,2023-11-19,06:04:45,6
2023-11-19 09:01:33+08:00,10000.0,123.6402,10.1061,27.98,32.52,27.98,27.98,1011.0,83.0,1011.0,1010.0,4.18,27.0,5.47,100.0,2023-11-19 05:41:33+08:00,2023-11-19 17:20:04+08:00,500.0,Rain,light rain,10d,2023-11-19 09:01:33.617318+08:00,Carcar,1.0,8187.0,0.86,2023-11-19,09:01:33,9
2023-11-19 09:01:49+08:00,10000.0,122.65,11.15,25.35,26.45,25.35,25.35,1012.0,96.0,1012.0,1006.0,4.01,21.0,10.43,100.0,2023-11-19 05:47:01+08:00,2023-11-19 17:22:32+08:00,501.0,Rain,moderate rain,10d,2023-11-19 09:01:49.241688+08:00,City of Passi,2.0,2073369.0,2.37,2023-11-19,09:01:49,9
2023-11-19 09:01:55+08:00,10000.0,124.0272,10.5208,28.31,33.42,28.03,28.31,1011.0,83.0,1011.0,1011.0,2.24,8.0,2.68,100.0,2023-11-19 05:40:36+08:00,2023-11-19 17:17:56+08:00,500.0,Rain,light rain,10d,2023-11-19 09:01:55.441267+08:00,Danao,2.0,2089763.0,0.22,2023-11-19,09:01:55,9
2023-11-19 09:03:44+08:00,10000.0,125.6842,7.3081,27.06,30.07,27.06,27.06,1010.0,82.0,1010.0,1010.0,3.1,349.0,4.84,68.0,2023-11-19 05:29:23+08:00,2023-11-19 17:15:53+08:00,501.0,Rain,moderate rain,10d,2023-11-19 09:03:44.720013+08:00,Panabo,1.0,8154.0,2.3,2023-11-19,09:03:44,9
2023-11-19 12:00:08+08:00,10000.0,125.6842,7.3081,29.06,33.05,29.06,29.06,1008.0,71.0,1008.0,1007.0,1.68,354.0,3.0,88.0,2023-11-19 05:29:23+08:00,2023-11-19 17:15:53+08:00,501.0,Rain,moderate rain,10d,2023-11-19 12:03:50.137050+08:00,Panabo,1.0,8154.0,1.78,2023-11-19,12:00:08,12
2023-11-19 12:01:54+08:00,8050.0,122.65,11.15,25.35,26.34,25.35,25.35,1010.0,92.0,1010.0,1004.0,4.94,24.0,9.43,100.0,2023-11-19 05:47:01+08:00,2023-11-19 17:22:32+08:00,500.0,Rain,light rain,10d,2023-11-19 12:01:54.768698+08:00,City of Passi,2.0,2073369.0,0.24,2023-11-19,12:01:54,12
2023-11-19 12:02:02+08:00,10000.0,124.0272,10.5208,28.31,33.97,28.31,31.03,1009.0,86.0,1009.0,1009.0,2.68,23.0,4.47,99.0,2023-11-19 05:40:36+08:00,2023-11-19 17:17:56+08:00,500.0,Rain,light rain,10d,2023-11-19 12:02:02.397318+08:00,Danao,2.0,2089763.0,0.45,2023-11-19,12:02:02,12
2023-11-19 15:01:37+08:00,9647.0,123.6402,10.1061,29.98,36.98,29.98,29.98,1008.0,83.0,1008.0,1006.0,3.98,21.0,4.98,96.0,2023-11-19 05:41:33+08:00,2023-11-19 17:20:04+08:00,500.0,Rain,light rain,10d,2023-11-19 15:01:38.067110+08:00,Carcar,1.0,8187.0,0.14,2023-11-19,15:01:37,15
2023-11-19 15:02:03+08:00,7017.0,124.0272,10.5208,28.87,35.24,28.87,30.03,1008.0,84.0,1008.0,1008.0,6.26,15.0,7.15,100.0,2023-11-19 05:40:36+08:00,2023-11-19 17:17:56+08:00,501.0,Rain,moderate rain,10d,2023-11-19 15:02:03.649622+08:00,Danao,2.0,2089763.0,3.87,2023-11-19,15:02:03,15
2023-11-19 15:05:05+08:00,10000.0,123.6333,10.3833,30.05,37.05,28.89,30.05,1008.0,84.0,1008.0,1008.0,5.17,13.0,6.71,96.0,2023-11-19 05:41:58+08:00,2023-11-19 17:19:42+08:00,501.0,Rain,moderate rain,10d,2023-11-19 15:05:05.940438+08:00,Toledo City,1.0,8187.0,1.15,2023-11-19,15:05:05,15
2023-11-20 00:01:14+08:00,9331.0,123.6402,10.1061,25.98,25.98,25.98,25.98,1009.0,88.0,1009.0,1008.0,3.81,9.0,5.34,98.0,2023-11-20 05:41:58+08:00,2023-11-20 17:20:07+08:00,500.0,Rain,light rain,10n,2023-11-20 00:01:14.655047+08:00,Carcar,1.0,8187.0,1.0,2023-11-20,00:01:14,0
2023-11-20 00:01:40+08:00,7572.0,124.0272,10.5208,25.54,26.68,25.54,26.03,1010.0,97.0,1010.0,1009.0,1.79,341.0,1.79,100.0,2023-11-20 05:41:01+08:00,2023-11-20 17:17:58+08:00,500.0,Rain,light rain,10n,2023-11-20 00:01:40.776172+08:00,Danao,2.0,2089763.0,0.36,2023-11-20,00:01:40,0
2023-11-20 00:04:33+08:00,10000.0,123.6333,10.3833,26.05,26.05,25.0,26.05,1010.0,90.0,1010.0,1010.0,4.48,20.0,5.67,100.0,2023-11-20 05:42:24+08:00,2023-11-20 17:19:45+08:00,500.0,Rain,light rain,10n,2023-11-20 00:04:33.617565+08:00,Toledo City,1.0,8187.0,0.32,2023-11-20,00:04:33,0
2023-11-20 03:02:22+08:00,9186.0,124.0272,10.5208,25.54,26.63,25.54,26.03,1008.0,95.0,1008.0,1008.0,6.71,16.0,8.05,100.0,2023-11-20 05:41:01+08:00,2023-11-20 17:17:58+08:00,501.0,Rain,moderate rain,10n,2023-11-20 03:02:22.754357+08:00,Danao,2.0,2089763.0,3.16,2023-11-20,03:02:22,3
2023-11-20 03:05:18+08:00,10000.0,123.6333,10.3833,26.05,26.05,25.56,26.05,1008.0,90.0,1008.0,1008.0,3.46,5.0,4.59,99.0,2023-11-20 05:42:24+08:00,2023-11-20 17:19:45+08:00,501.0,Rain,moderate rain,10n,2023-11-20 03:05:18.580552+08:00,Toledo City,1.0,8187.0,2.37,2023-11-20,03:05:18,3
2023-11-20 06:01:52+08:00,2452.0,122.65,11.15,23.12,24.05,23.12,23.12,1010.0,98.0,1010.0,1004.0,2.85,9.0,7.67,100.0,2023-11-20 05:47:27+08:00,2023-11-20 17:22:34+08:00,500.0,Rain,light rain,10d,2023-11-20 06:01:52.975608+08:00,City of Passi,2.0,2073369.0,0.92,2023-11-20,06:01:52,6
2023-11-20 06:04:52+08:00,10000.0,123.6333,10.3833,25.05,25.96,25.05,25.56,1009.0,90.0,1009.0,1009.0,3.41,11.0,4.36,96.0,2023-11-20 05:42:24+08:00,2023-11-20 17:19:45+08:00,500.0,Rain,light rain,10d,2023-11-20 06:04:52.303823+08:00,Toledo City,1.0,8187.0,0.36,2023-11-20,06:04:52,6
2023-11-20 09:00:21+08:00,10000.0,123.1228,9.5911,25.99,25.99,25.99,25.99,1011.0,83.0,1011.0,1009.0,3.89,37.0,5.88,88.0,2023-11-20 05:43:17+08:00,2023-11-20 17:22:56+08:00,500.0,Rain,light rain,10d,2023-11-20 09:00:21.901861+08:00,Bais,1.0,8185.0,0.36,2023-11-20,09:00:21,9
2023-11-20 09:01:13+08:00,10000.0,123.6402,10.1061,25.98,25.98,25.98,25.98,1011.0,83.0,1011.0,1010.0,4.29,29.0,5.6,100.0,2023-11-20 05:41:58+08:00,2023-11-20 17:20:07+08:00,501.0,Rain,moderate rain,10d,2023-11-20 09:01:14.222762+08:00,Carcar,1.0,8187.0,3.55,2023-11-20,09:01:13,9
2023-11-20 09:04:34+08:00,10000.0,123.6333,10.3833,27.05,30.56,27.05,27.22,1011.0,87.0,1011.0,1011.0,4.64,23.0,5.83,100.0,2023-11-20 05:42:24+08:00,2023-11-20 17:19:45+08:00,500.0,Rain,light rain,10d,2023-11-20 09:04:34.122219+08:00,Toledo City,1.0,8187.0,0.13,2023-11-20,09:04:34,9
2023-11-20 12:01:49+08:00,10000.0,122.65,11.15,24.79,25.7,24.79,24.79,1010.0,91.0,1010.0,1004.0,3.57,21.0,6.31,100.0,2023-11-20 05:47:27+08:00,2023-11-20 17:22:34+08:00,501.0,Rain,moderate rain,10d,2023-11-20 12:01:49.905715+08:00,City of Passi,2.0,2073369.0,1.26,2023-11-20,12:01:49,12
2023-11-20 15:01:47+08:00,10000.0,122.65,11.15,25.35,26.34,25.35,25.35,1009.0,92.0,1009.0,1003.0,3.4,23.0,7.25,100.0,2023-11-20 05:47:27+08:00,2023-11-20 17:22:34+08:00,502.0,Rain,heavy intensity rain,10d,2023-11-20 15:01:47.967815+08:00,City of Passi,2.0,2073369.0,4.21,2023-11-20,15:01:47,15
2023-11-20 21:04:20+08:00,10000.0,125.6842,7.3081,27.06,30.58,27.06,27.06,1011.0,87.0,1011.0,1011.0,0.83,254.0,1.44,99.0,2023-11-20 05:29:44+08:00,2023-11-20 17:15:59+08:00,500.0,Rain,light rain,10n,2023-11-20 21:04:20.858151+08:00,Panabo,1.0,8154.0,0.13,2023-11-20,21:04:20,21
2023-11-20 21:05:28+08:00,10000.0,123.6333,10.3833,27.05,29.85,26.67,27.05,1012.0,80.0,1012.0,1012.0,2.98,7.0,3.88,100.0,2023-11-20 05:42:24+08:00,2023-11-20 17:19:45+08:00,500.0,Rain,light rain,10n,2023-11-20 21:05:28.287802+08:00,Toledo City,1.0,8187.0,0.32,2023-11-20,21:05:28,21
2023-11-21 00:00:00+08:00,10000.0,121.5911,14.0289,25.5,26.56,25.5,25.5,1013.0,94.0,1013.0,990.0,2.96,31.0,6.96,100.0,2023-11-21 05:56:26+08:00,2023-11-21 17:22:32+08:00,500.0,Rain,light rain,10n,2023-11-21 00:04:52.740171+08:00,Tayabas,2.0,2011004.0,0.22,2023-11-21,00:00:00,0
2023-11-21 00:03:43+08:00,10000.0,125.6842,7.3081,26.06,26.06,26.06,26.06,1010.0,91.0,1010.0,1010.0,1.42,327.0,1.43,100.0,2023-11-21 05:30:07+08:00,2023-11-21 17:16:06+08:00,501.0,Rain,moderate rain,10n,2023-11-21 00:03:43.450781+08:00,Panabo,1.0,8154.0,3.39,2023-11-21,00:03:43,0
2023-11-21 09:01:15+08:00,10000.0,123.6402,10.1061,27.98,31.6,27.98,27.98,1011.0,77.0,1011.0,1009.0,0.96,342.0,1.15,100.0,2023-11-21 05:42:23+08:00,2023-11-21 17:20:11+08:00,500.0,Rain,light rain,10d,2023-11-21 09:01:15.157841+08:00,Carcar,1.0,8187.0,0.13,2023-11-21,09:01:15,9
2023-11-21 09:01:38+08:00,10000.0,122.65,11.15,24.79,25.86,24.79,24.79,1011.0,97.0,1011.0,1005.0,3.57,350.0,8.65,100.0,2023-11-21 05:47:53+08:00,2023-11-21 17:22:36+08:00,501.0,Rain,moderate rain,10d,2023-11-21 09:01:38.832498+08:00,City of Passi,2.0,2073369.0,2.9,2023-11-21,09:01:38,9
2023-11-21 09:01:48+08:00,10000.0,124.0272,10.5208,27.76,32.23,27.76,28.03,1011.0,85.0,1011.0,1010.0,4.02,14.0,7.15,100.0,2023-11-21 05:41:27+08:00,2023-11-21 17:18:02+08:00,501.0,Rain,moderate rain,10d,2023-11-21 09:01:48.203577+08:00,Danao,2.0,2089763.0,3.87,2023-11-21,09:01:48,9
2023-11-21 09:04:55+08:00,10000.0,123.6333,10.3833,28.05,32.71,27.78,28.05,1011.0,83.0,1011.0,1011.0,2.25,349.0,2.32,100.0,2023-11-21 05:42:49+08:00,2023-11-21 17:19:48+08:00,501.0,Rain,moderate rain,10d,2023-11-21 09:04:55.345410+08:00,Toledo City,1.0,8187.0,2.73,2023-11-21,09:04:55,9
2023-11-21 12:01:27+08:00,10000.0,122.65,11.15,25.35,26.42,25.35,25.35,1009.0,95.0,1009.0,1003.0,4.53,360.0,9.22,100.0,2023-11-21 05:47:53+08:00,2023-11-21 17:22:36+08:00,502.0,Rain,heavy intensity rain,10d,2023-11-21 12:01:27.521432+08:00,City of Passi,2.0,2073369.0,4.21,2023-11-21,12:01:27,12
2023-11-21 12:03:16+08:00,10000.0,125.6842,7.3081,31.06,38.06,31.06,31.06,1009.0,72.0,1009.0,1008.0,5.01,166.0,6.31,66.0,2023-11-21 05:30:07+08:00,2023-11-21 17:16:06+08:00,500.0,Rain,light rain,10d,2023-11-21 12:03:16.208160+08:00,Panabo,1.0,8154.0,0.26,2023-11-21,12:03:16,12
2023-11-21 15:01:41+08:00,10000.0,122.65,11.15,25.35,26.32,25.35,25.35,1008.0,91.0,1008.0,1002.0,3.75,9.0,7.55,100.0,2023-11-21 05:47:53+08:00,2023-11-21 17:22:36+08:00,501.0,Rain,moderate rain,10d,2023-11-21 15:01:41.928115+08:00,City of Passi,2.0,2073369.0,1.22,2023-11-21,15:01:41,15
2023-11-21 18:01:26+08:00,10000.0,123.6402,10.1061,27.98,32.84,27.98,27.98,1009.0,85.0,1009.0,1008.0,3.29,357.0,4.39,100.0,2023-11-21 05:42:23+08:00,2023-11-21 17:20:11+08:00,500.0,Rain,light rain,10n,2023-11-21 18:01:26.774571+08:00,Carcar,1.0,8187.0,0.38,2023-11-21,18:01:26,18
2023-11-21 18:01:54+08:00,10000.0,124.0272,10.5208,27.76,31.79,27.76,28.03,1009.0,82.0,1009.0,1009.0,0.89,342.0,0.89,100.0,2023-11-21 05:41:27+08:00,2023-11-21 17:18:02+08:00,501.0,Rain,moderate rain,10n,2023-11-21 18:01:54.493200+08:00,Danao,2.0,2089763.0,2.05,2023-11-21,18:01:54,18
2023-11-21 18:04:45+08:00,10000.0,123.6333,10.3833,28.05,33.38,27.78,28.05,1009.0,87.0,1009.0,1009.0,4.45,13.0,5.63,100.0,2023-11-21 05:42:49+08:00,2023-11-21 17:19:48+08:00,500.0,Rain,light rain,10n,2023-11-21 18:04:45.760703+08:00,Toledo City,1.0,8187.0,0.36,2023-11-21,18:04:45,18
2023-11-21 21:00:14+08:00,3890.0,125.6842,7.3081,28.06,35.06,28.06,28.06,1011.0,96.0,1011.0,1011.0,1.62,266.0,1.41,100.0,2023-11-21 05:30:07+08:00,2023-11-21 17:16:06+08:00,501.0,Rain,moderate rain,10n,2023-11-21 21:03:59.558153+08:00,Panabo,1.0,8154.0,3.19,2023-11-21,21:00:14,21
2023-11-21 21:02:05+08:00,10000.0,124.0272,10.5208,27.2,30.73,27.03,27.2,1011.0,85.0,1011.0,1010.0,0.89,29.0,0.89,100.0,2023-11-21 05:41:27+08:00,2023-11-21 17:18:02+08:00,500.0,Rain,light rain,10n,2023-11-21 21:02:05.524374+08:00,Danao,2.0,2089763.0,0.24,2023-11-21,21:02:05,21
2023-11-21 21:05:06+08:00,10000.0,123.6333,10.3833,28.05,33.21,27.22,28.05,1011.0,86.0,1011.0,1011.0,3.85,12.0,4.91,100.0,2023-11-21 05:42:49+08:00,2023-11-21 17:19:48+08:00,500.0,Rain,light rain,10n,2023-11-21 21:05:07.070181+08:00,Toledo City,1.0,8187.0,0.27,2023-11-21,21:05:06,21
2023-11-22 00:00:22+08:00,10000.0,123.1228,9.5911,25.99,25.99,25.99,25.99,1010.0,88.0,1010.0,1009.0,3.15,23.0,3.78,100.0,2023-11-22 05:44:07+08:00,2023-11-22 17:23:07+08:00,500.0,Rain,light rain,10n,2023-11-22 00:00:22.729712+08:00,Bais,1.0,8185.0,0.56,2023-11-22,00:00:22,0
2023-11-22 00:01:14+08:00,10000.0,123.6402,10.1061,26.98,29.88,26.98,26.98,1010.0,82.0,1010.0,1008.0,5.23,17.0,5.72,100.0,2023-11-22 05:42:49+08:00,2023-11-22 17:20:16+08:00,500.0,Rain,light rain,10n,2023-11-22 00:01:14.730198+08:00,Carcar,1.0,8187.0,0.56,2023-11-22,00:01:14,0
2023-11-22 00:01:42+08:00,10000.0,124.0272,10.5208,26.65,26.65,26.65,27.03,1010.0,88.0,1010.0,1010.0,0.45,343.0,0.89,100.0,2023-11-22 05:41:53+08:00,2023-11-22 17:18:06+08:00,500.0,Rain,light rain,10n,2023-11-22 00:01:42.658443+08:00,Danao,2.0,2089763.0,0.95,2023-11-22,00:01:42,0
2023-11-22 00:04:40+08:00,10000.0,123.1583,9.5153,26.01,26.01,26.01,26.01,1010.0,86.0,1010.0,1009.0,3.29,10.0,3.89,100.0,2023-11-22 05:43:52+08:00,2023-11-22 17:23:05+08:00,501.0,Rain,moderate rain,10n,2023-11-22 00:04:40.689252+08:00,Tanjay,1.0,8185.0,1.54,2023-11-22,00:04:40,0
2023-11-22 00:04:46+08:00,10000.0,123.6333,10.3833,27.05,30.56,26.67,27.05,1010.0,87.0,1010.0,1010.0,2.94,8.0,3.64,100.0,2023-11-22 05:43:15+08:00,2023-11-22 17:19:53+08:00,500.0,Rain,light rain,10n,2023-11-22 00:04:46.969026+08:00,Toledo City,1.0,8187.0,0.18,2023-11-22,00:04:46,0
2023-11-22 03:00:32+08:00,10000.0,123.1228,9.5911,24.99,25.95,24.99,24.99,1010.0,92.0,1010.0,1008.0,1.7,64.0,1.81,100.0,2023-11-22 05:44:07+08:00,2023-11-22 17:23:07+08:00,501.0,Rain,moderate rain,10n,2023-11-22 03:00:33.551997+08:00,Bais,1.0,8185.0,1.59,2023-11-22,03:00:32,3
2023-11-22 03:01:24+08:00,10000.0,123.6402,10.1061,26.98,30.37,26.98,26.98,1009.0,87.0,1009.0,1008.0,2.0,354.0,2.67,100.0,2023-11-22 05:42:49+08:00,2023-11-22 17:20:16+08:00,501.0,Rain,moderate rain,10n,2023-11-22 03:01:24.657008+08:00,Carcar,1.0,8187.0,2.3,2023-11-22,03:01:24,3
2023-11-22 03:01:50+08:00,10000.0,124.0272,10.5208,26.65,26.65,26.65,27.03,1009.0,90.0,1009.0,1009.0,1.34,14.0,1.79,100.0,2023-11-22 05:41:53+08:00,2023-11-22 17:18:06+08:00,500.0,Rain,light rain,10n,2023-11-22 03:01:50.269449+08:00,Danao,2.0,2089763.0,0.12,2023-11-22,03:01:50,3
2023-11-22 03:04:37+08:00,10000.0,123.1583,9.5153,25.01,25.84,25.01,25.01,1009.0,87.0,1009.0,1008.0,3.03,16.0,3.9,100.0,2023-11-22 05:43:52+08:00,2023-11-22 17:23:05+08:00,500.0,Rain,light rain,10n,2023-11-22 03:04:37.465701+08:00,Tanjay,1.0,8185.0,0.21,2023-11-22,03:04:37,3
2023-11-22 03:04:42+08:00,10000.0,123.6333,10.3833,27.05,30.77,26.67,27.05,1009.0,89.0,1009.0,1009.0,2.71,2.0,3.55,100.0,2023-11-22 05:43:15+08:00,2023-11-22 17:19:53+08:00,500.0,Rain,light rain,10n,2023-11-22 03:04:42.821788+08:00,Toledo City,1.0,8187.0,0.49,2023-11-22,03:04:42,3
2023-11-22 06:00:44+08:00,10000.0,123.1228,9.5911,25.99,25.99,25.99,25.99,1010.0,96.0,1010.0,1009.0,1.82,73.0,2.01,100.0,2023-11-22 05:44:07+08:00,2023-11-22 17:23:07+08:00,500.0,Rain,light rain,10d,2023-11-22 06:00:44.921996+08:00,Bais,1.0,8185.0,0.19,2023-11-22,06:00:44,6
2023-11-22 06:01:44+08:00,10000.0,123.6402,10.1061,25.98,25.98,25.98,25.98,1010.0,87.0,1010.0,1008.0,1.86,9.0,1.98,100.0,2023-11-22 05:42:49+08:00,2023-11-22 17:20:16+08:00,501.0,Rain,moderate rain,10d,2023-11-22 06:01:45.032161+08:00,Carcar,1.0,8187.0,1.04,2023-11-22,06:01:44,6
2023-11-22 06:05:06+08:00,10000.0,123.1583,9.5153,26.01,26.01,26.01,26.01,1010.0,88.0,1010.0,1009.0,1.95,19.0,2.81,100.0,2023-11-22 05:43:52+08:00,2023-11-22 17:23:05+08:00,500.0,Rain,light rain,10d,2023-11-22 06:05:06.667720+08:00,Tanjay,1.0,8185.0,0.32,2023-11-22,06:05:06,6
2023-11-22 06:05:12+08:00,10000.0,123.6333,10.3833,27.05,30.77,26.11,27.05,1010.0,89.0,1010.0,1010.0,2.28,11.0,2.63,100.0,2023-11-22 05:43:15+08:00,2023-11-22 17:19:53+08:00,500.0,Rain,light rain,10d,2023-11-22 06:05:12.550272+08:00,Toledo City,1.0,8187.0,0.49,2023-11-22,06:05:12,6
2023-11-22 09:01:43+08:00,10000.0,123.6402,10.1061,27.98,32.2,27.98,27.98,1011.0,81.0,1011.0,1010.0,1.5,12.0,1.27,100.0,2023-11-22 05:42:49+08:00,2023-11-22 17:20:16+08:00,500.0,Rain,light rain,10d,2023-11-22 09:01:43.857892+08:00,Carcar,1.0,8187.0,0.14,2023-11-22,09:01:43,9
2023-11-22 12:01:32+08:00,10000.0,122.65,11.15,27.01,29.48,27.01,27.01,1009.0,77.0,1009.0,1003.0,2.73,14.0,3.03,96.0,2023-11-22 05:48:20+08:00,2023-11-22 17:22:40+08:00,500.0,Rain,light rain,10d,2023-11-22 12:01:32.424429+08:00,City of Passi,2.0,2073369.0,0.18,2023-11-22,12:01:32,12
2023-11-22 12:01:40+08:00,10000.0,124.0272,10.5208,27.76,32.84,27.76,30.03,1009.0,89.0,1009.0,1009.0,3.58,37.0,5.81,95.0,2023-11-22 05:41:53+08:00,2023-11-22 17:18:06+08:00,500.0,Rain,light rain,10d,2023-11-22 12:01:40.121978+08:00,Danao,2.0,2089763.0,0.86,2023-11-22,12:01:40,12
2023-11-22 15:00:18+08:00,10000.0,123.1228,9.5911,29.99,36.27,29.99,29.99,1008.0,75.0,1008.0,1006.0,1.73,77.0,1.91,92.0,2023-11-22 05:44:07+08:00,2023-11-22 17:23:07+08:00,500.0,Rain,light rain,10d,2023-11-22 15:00:18.634001+08:00,Bais,1.0,8185.0,0.49,2023-11-22,15:00:18,15
2023-11-23 18:04:56+08:00,10000.0,121.5911,14.0289,26.61,26.61,26.61,26.61,1010.0,94.0,1010.0,988.0,2.77,24.0,6.96,99.0,2023-11-23 05:57:27+08:00,2023-11-23 17:22:34+08:00,500.0,Rain,light rain,10n,2023-11-23 18:04:56.465741+08:00,Tayabas,2.0,2011004.0,0.15,2023-11-23,18:04:56,18
2023-11-23 20:58:09+08:00,10000.0,120.9169,14.4825,27.29,31.83,26.7,27.9,1011.0,92.0,1011.0,1011.0,3.55,94.0,4.55,96.0,2023-11-23 06:00:51+08:00,2023-11-23 17:24:34+08:00,501.0,Rain,moderate rain,10n,2023-11-23 21:01:47.946251+08:00,Cavite City,2.0,2005706.0,1.15,2023-11-23,20:58:09,20
2023-11-23 21:00:41+08:00,10000.0,120.929,14.459,27.21,31.71,26.69,27.87,1011.0,93.0,1011.0,1011.0,3.48,95.0,4.77,97.0,2023-11-23 06:00:46+08:00,2023-11-23 17:24:33+08:00,500.0,Rain,light rain,10n,2023-11-23 21:00:41.538178+08:00,Bacoor,2.0,2005706.0,0.73,2023-11-23,21:00:41,21
2023-11-23 21:00:48+08:00,10000.0,120.5361,14.6761,29.03,35.05,27.29,29.03,1012.0,81.0,1012.0,1011.0,3.07,50.0,6.03,83.0,2023-11-23 06:02:41+08:00,2023-11-23 17:25:47+08:00,501.0,Rain,moderate rain,10n,2023-11-23 21:00:49.229481+08:00,Balanga,1.0,8151.0,1.78,2023-11-23,21:00:48,21
2023-11-23 21:01:51+08:00,10000.0,121.1,14.6333,27.11,31.05,26.64,27.27,1011.0,90.0,1011.0,1010.0,2.07,67.0,3.53,100.0,2023-11-23 06:00:22+08:00,2023-11-23 17:23:36+08:00,501.0,Rain,moderate rain,10n,2023-11-23 21:01:51.775308+08:00,City of Marikina,2.0,2008256.0,2.99,2023-11-23,21:01:51,21
2023-11-23 21:02:43+08:00,10000.0,120.9367,14.4297,26.9,30.75,26.66,27.29,1011.0,93.0,1011.0,1010.0,3.4,96.0,5.06,98.0,2023-11-23 06:00:42+08:00,2023-11-23 17:24:34+08:00,500.0,Rain,light rain,10n,2023-11-23 21:02:43.206165+08:00,Imus,2.0,2005706.0,0.48,2023-11-23,21:02:43,21
2023-11-23 21:03:27+08:00,10000.0,120.8117,14.8419,27.32,30.13,26.73,28.85,1011.0,77.0,1011.0,1010.0,2.98,48.0,5.57,89.0,2023-11-23 06:01:50+08:00,2023-11-23 17:24:25+08:00,501.0,Rain,moderate rain,10n,2023-11-23 21:03:27.094765+08:00,Malolos,2.0,2008256.0,3.99,2023-11-23,21:03:27,21
2023-11-23 21:04:10+08:00,10000.0,120.5431,14.7678,27.07,29.9,27.05,28.85,1012.0,80.0,1012.0,1011.0,3.2,50.0,6.17,82.0,2023-11-23 06:02:48+08:00,2023-11-23 17:25:37+08:00,502.0,Rain,heavy intensity rain,10n,2023-11-23 21:04:10.234008+08:00,Samal,1.0,8151.0,4.34,2023-11-23,21:04:10,21
2023-11-23 21:04:17+08:00,10000.0,121.0453,14.8139,27.03,30.5,26.38,27.72,1011.0,87.0,1011.0,1005.0,1.88,64.0,3.61,93.0,2023-11-23 06:00:52+08:00,2023-11-23 17:23:32+08:00,502.0,Rain,heavy intensity rain,10n,2023-11-23 21:04:17.738299+08:00,San Jose del Monte,2.0,2008256.0,6.48,2023-11-23,21:04:17,21
2023-11-23 21:04:22+08:00,10000.0,120.6197,14.9696,28.87,34.59,27.06,28.87,1012.0,81.0,1012.0,1011.0,2.2,36.0,3.82,67.0,2023-11-23 06:02:48+08:00,2023-11-23 17:24:59+08:00,502.0,Rain,heavy intensity rain,10n,2023-11-23 21:04:22.208401+08:00,San Pablo,1.0,8152.0,4.21,2023-11-23,21:04:22,21
2023-11-23 23:59:09+08:00,10000.0,120.8817,14.3869,26.56,26.56,26.07,27.23,1010.0,94.0,1010.0,1008.0,3.18,76.0,5.64,98.0,2023-11-24 06:01:22+08:00,2023-11-24 17:24:54+08:00,500.0,Rain,light rain,10n,2023-11-24 00:02:15.549831+08:00,General Trias,2.0,2084056.0,0.24,2023-11-23,23:59:09,23
2023-11-24 00:01:20+08:00,8778.0,121.1803,13.4117,25.62,26.48,25.62,25.62,1011.0,86.0,1011.0,1010.0,2.18,63.0,5.5,94.0,2023-11-24 05:58:39+08:00,2023-11-24 17:25:14+08:00,500.0,Rain,light rain,10n,2023-11-24 00:01:20.541503+08:00,Calapan,2.0,2011004.0,0.63,2023-11-24,00:01:20,0
2023-11-24 00:01:58+08:00,10000.0,120.9367,14.3294,26.13,26.13,25.66,26.82,1011.0,96.0,1011.0,1001.0,3.07,82.0,6.23,98.0,2023-11-24 06:01:04+08:00,2023-11-24 17:24:46+08:00,500.0,Rain,light rain,10n,2023-11-24 00:01:58.487461+08:00,Dasmariñas,2.0,2084056.0,0.4,2023-11-24,00:01:58,0
2023-11-24 00:04:49+08:00,10000.0,121.5911,14.0289,24.39,25.31,24.39,24.39,1011.0,93.0,1011.0,988.0,2.7,21.0,7.26,98.0,2023-11-24 05:57:58+08:00,2023-11-24 17:22:37+08:00,500.0,Rain,light rain,10n,2023-11-24 00:04:49.821041+08:00,Tayabas,2.0,2011004.0,1.0,2023-11-24,00:04:49,0
